date,away,home,away_score,home_score,away_ml,home_ml,spread,o/u
824,FLORIDA,MIAMI-FL,24,20,-310,250,-7,46
824,ARIZONA,HAWAII,38,45,-400,300,-10.5,71
829,UCLA,CINCINNATI,14,24,115,-135,2.5,55.5
829,GEORGIA-TECH,CLEMSON,14,52,8500,-23000,37,60.5
829,FLORIDA-INTERNATIONAL,TULANE,14,42,135,-155,3,58
829,TEXAS-STATE,TEXAS-AM,7,41,4500,-11000,34,57.5
829,KENT-STATE,ARIZONA-STATE,7,30,1100,-2500,24.5,62
829,UTAH,BRIGHAM-YOUNG,30,12,-230,185,-5.5,49
830,RICE,ARMY,7,14,1100,-2500,23.5,46.5
830,UTAH-STATE,WAKE-FOREST,35,38,175,-210,5.5,61.5
830,WISCONSIN,SOUTH-FLORIDA,49,0,-400,300,-10.5,58
830,TULSA,MICHIGAN-STATE,7,28,1200,-3000,23.5,48
830,MASSACHUSETTS,RUTGERS,21,48,600,-900,17,53.5
830,COLORADO-STATE,COLORADO,31,52,350,-450,11.5,56
830,PURDUE,NEVADA,31,34,-425,325,-11,58.5
830,OKLAHOMA-STATE,OREGON-STATE,52,36,-550,400,-13.5,74
831,FLORIDA-ATLANTIC,OHIO-STATE,21,45,2000,-4000,28,66
831,SOUTH-ALABAMA,NEBRASKA,21,35,5500,-13500,36,65
831,EAST-CAROLINA,NORTH-CAROLINA-STATE,6,34,700,-1100,17.5,51.5
831,AKRON,ILLINOIS,3,42,750,-1200,18.5,60.5
831,BALL-STATE,INDIANA,24,34,700,-1100,18,60.5
831,TOLEDO,KENTUCKY,24,38,300,-400,10,60.5
831,MISSISSIPPI-STATE,LOUISIANA-LAFAYETTE,38,28,-1100,700,-18.5,60.5
831,MISSISSIPPI,MEMPHIS,10,15,145,-170,3.5,65
831,GEORGIA-STATE,TENNESSEE,38,30,1400,-4000,24.5,58.5
831,EASTERN-MICHIGAN,COASTAL-CAROLINA,30,23,-210,175,-5,56
831,SOUTH-CAROLINA,NORTH-CAROLINA,20,24,-500,375,-11.5,62
831,DUKE,ALABAMA,3,42,3750,-9000,34.5,57
831,NORTHWESTERN,STANFORD,7,17,210,-260,6.5,46.5
831,VIRGINIA-TECH,BOSTON-COLLEGE,28,35,-200,170,-4.5,57.5
831,SYRACUSE,LIBERTY,24,0,-1100,700,-19.5,69.5
831,SOUTHERN-METHODIST,ARKANSAS-STATE,37,30,105,-125,1,58
831,MIDDLE-TENNESSEE-STATE,MICHIGAN,21,40,7500,-20000,35,56.5
831,MIAMI-OH,IOWA,14,38,1500,-5000,25,47.5
831,GEORGIA-SOUTHERN,LOUISIANA-STATE,3,55,1600,-6000,27,50.5
831,GEORGIA,VANDERBILT,30,6,-3000,1200,-23,56.5
831,VIRGINIA,PITTSBURGH,30,14,-140,120,-2.5,46.5
831,MISSOURI,WYOMING,31,37,-800,550,-16,53
831,OREGON,AUBURN,21,27,145,-170,3.5,55.5
831,LOUISIANA-TECH,TEXAS,14,45,800,-1400,19.5,55
831,NEW-MEXICO-STATE,WASHINGTON-STATE,7,58,4750,-11500,33,65.5
831,FRESNO-STATE,SOUTHERN-CALIFORNIA,23,31,500,-700,14,50.5
831,BOISE-STATE,FLORIDA-STATE,36,31,205,-245,7,54
901,HOUSTON,OKLAHOMA,31,49,850,-1300,22,80
902,NOTRE-DAME,LOUISVILLE,35,17,-1250,800,-19.5,55
906,WAKE-FOREST,RICE,41,21,-1400,800,-20,59
906,MARSHALL,BOISE-STATE,7,14,450,-650,14,58.5
907,OHIO,PITTSBURGH,10,20,160,-190,4,55
907,OLD-DOMINION,VIRGINIA-TECH,17,31,1600,-6000,29,58
907,ALABAMA-BIRMINGHAM,AKRON,31,20,-310,250,-7.5,46.5
907,ARMY,MICHIGAN,21,24,1000,-2000,21.5,48
907,VANDERBILT,PURDUE,24,42,215,-265,7,55
907,RUTGERS,IOWA,0,30,650,-1000,17.5,48
907,SYRACUSE,MARYLAND,20,63,105,-125,1.5,59
907,WEST-VIRGINIA,MISSOURI,7,38,400,-550,13.5,61.5
907,CINCINNATI,OHIO-STATE,0,42,500,-700,15,52
907,BOWLING-GREEN-STATE,KANSAS-STATE,0,52,1000,-2000,24.5,57
907,NORTHERN-ILLINOIS,UTAH,17,35,1200,-3000,23.5,44.5
907,SOUTH-FLORIDA,GEORGIA-TECH,10,14,170,-200,4.5,58.5
907,TULSA,SAN-JOSE-STATE,34,16,-260,210,-6.5,53.5
907,NEBRASKA,COLORADO,31,34,-190,160,-4,64.5
907,TEXAS-AM,CLEMSON,10,24,550,-800,16,61.5
907,CENTRAL-MICHIGAN,WISCONSIN,0,61,8500,-23000,35,53.5
907,CHARLOTTE,APPALACHIAN-STATE,41,56,1200,-3000,23,54
907,SOUTHERN-MISSISSIPPI,MISSISSIPPI-STATE,15,38,600,-900,16,51
907,ILLINOIS,CONNECTICUT,31,23,-2000,1000,-21.5,59.5
907,ARKANSAS-STATE,NEVADA-LAS-VEGAS,43,17,-120,100,-1,64
907,TEXAS-SAN-ANTONIO,BAYLOR,14,63,1200,-3000,25.5,59
907,NEW-MEXICO-STATE,ALABAMA,10,62,250000,-750000,55,65
907,SAN-DIEGO-STATE,UCLA,23,14,250,-310,7.5,44.5
907,LOUISIANA-MONROE,FLORIDA-STATE,44,45,1100,-2500,23,65.5
907,WYOMING,TEXAS-STATE,23,14,-300,240,-7.5,48
907,NORTH-TEXAS,SOUTHERN-METHODIST,27,49,145,-170,4,73
907,BRIGHAM-YOUNG,TENNESSEE,29,26,140,-160,3,52
907,CENTRAL-FLORIDA,FLORIDA-ATLANTIC,48,14,-550,400,-13.5,69
907,WESTERN-KENTUCKY,FLORIDA-INTERNATIONAL,20,14,275,-350,8,57.5
907,COASTAL-CAROLINA,KANSAS,12,7,225,-275,7,54
907,LIBERTY,LOUISIANA-LAFAYETTE,14,35,500,-700,14.5,65.5
907,WESTERN-MICHIGAN,MICHIGAN-STATE,17,51,500,-700,14.5,46.5
907,LOUISIANA-STATE,TEXAS,45,38,-240,190,-6,57
907,TULANE,AUBURN,6,24,600,-900,16.5,51
907,ARKANSAS,MISSISSIPPI,17,31,180,-220,5,50.5
907,NEVADA,OREGON,6,77,1100,-2500,24,62.5
907,BUFFALO,PENN-STATE,13,45,1800,-8000,32,57
907,EASTERN-MICHIGAN,KENTUCKY,17,38,525,-750,15.5,52
907,TEXAS-EL-PASO,TEXAS-TECH,3,38,7000,-18500,35,64
907,MIAMI-FL,NORTH-CAROLINA,25,28,-220,180,-5,46
907,STANFORD,SOUTHERN-CALIFORNIA,20,45,140,-160,3,43.5
907,CALIFORNIA,WASHINGTON,20,19,425,-600,13.5,43.5
907,MINNESOTA,FRESNO-STATE,38,35,-155,135,-3,46
907,OREGON-STATE,HAWAII,28,31,260,-330,7,78.5
913,NORTH-CAROLINA,WAKE-FOREST,18,24,130,-150,3,66
913,KANSAS,BOSTON-COLLEGE,48,24,1000,-2000,21,51
913,WASHINGTON-STATE,HOUSTON,31,24,-360,280,-9.5,73.5
914,OHIO-STATE,INDIANA,51,10,-1100,700,-17.5,60.5
914,KANSAS-STATE,MISSISSIPPI-STATE,31,24,230,-280,7,50.5
914,NORTH-CAROLINA-STATE,WEST-VIRGINIA,27,44,-265,215,-7,46
914,MARYLAND,TEMPLE,17,20,-200,170,-5,65.5
914,MIAMI-OH,CINCINNATI,13,35,600,-900,17,49.5
914,PITTSBURGH,PENN-STATE,10,17,650,-1000,17,53
914,EASTERN-MICHIGAN,ILLINOIS,34,31,230,-280,7,57
914,ARKANSAS-STATE,GEORGIA,0,55,5900,-14600,34,58
914,AIR-FORCE,COLORADO,30,23,135,-155,3,58.5
914,SAN-DIEGO-STATE,NEW-MEXICO-STATE,31,10,-900,600,-16.5,51
914,FLORIDA-ATLANTIC,BALL-STATE,41,31,-135,115,-2.5,64
914,NEW-MEXICO,NOTRE-DAME,14,66,8500,-23000,34.5,64
914,AKRON,CENTRAL-MICHIGAN,24,45,120,-140,2.5,45.5
914,STANFORD,CENTRAL-FLORIDA,27,45,290,-380,10,58.5
914,ALABAMA,SOUTH-CAROLINA,47,23,-3000,1200,-26.5,59
914,EAST-CAROLINA,NAVY,10,42,250,-310,7.5,53.5
914,ARMY,TEXAS-SAN-ANTONIO,31,13,-700,500,-14.5,44
914,SOUTHERN-CALIFORNIA,BRIGHAM-YOUNG,27,30,-200,170,-4.5,57.5
914,GEORGIA-SOUTHERN,MINNESOTA,32,35,600,-900,16.5,45
914,NEVADA-LAS-VEGAS,NORTHWESTERN,14,30,750,-1200,19,52
914,OKLAHOMA-STATE,TULSA,40,21,-600,425,-14,64
914,MEMPHIS,SOUTH-ALABAMA,42,6,-1200,750,-20.5,55
914,IOWA,IOWA-STATE,18,17,-125,105,-1.5,42.5
914,COLORADO-STATE,ARKANSAS,34,55,280,-360,9.5,64
914,WESTERN-KENTUCKY,LOUISVILLE,21,38,300,-400,10.5,48.5
914,ARIZONA-STATE,MICHIGAN-STATE,10,7,550,-800,15.5,42
914,NORTH-TEXAS,CALIFORNIA,17,23,450,-650,14,50
914,LOUISIANA-TECH,BOWLING-GREEN-STATE,35,7,-550,400,-12.5,59
914,BUFFALO,LIBERTY,17,35,-230,185,-5.5,55
914,SOUTHERN-MISSISSIPPI,TROY,47,42,130,-150,3,49
914,MASSACHUSETTS,CHARLOTTE,17,52,1000,-2000,21,66.5
914,OHIO,MARSHALL,31,33,160,-190,4,48
914,KENT-STATE,AUBURN,16,55,7500,-20000,35.5,53.5
914,FLORIDA,KENTUCKY,29,21,-360,280,-9.5,45.5
914,GEORGIA-STATE,WESTERN-MICHIGAN,10,57,270,-340,9,69.5
914,TEXAS-STATE,SOUTHERN-METHODIST,17,47,650,-1000,17.5,62.5
914,DUKE,MIDDLE-TENNESSEE-STATE,41,18,-260,210,-6.5,51
914,HAWAII,WASHINGTON,20,52,1000,-2000,21.5,60
914,TEXAS-CHRISTIAN,PURDUE,34,13,-155,135,-3,53
914,CLEMSON,SYRACUSE,41,6,-4000,1400,-28,64
914,FLORIDA-STATE,VIRGINIA,24,31,240,-300,7,54
914,OKLAHOMA,UCLA,48,14,-3000,1200,-23.5,71
914,NORTHERN-ILLINOIS,NEBRASKA,8,44,425,-600,14,53
914,TEXAS,RICE,48,13,-10000,4000,-32,57
914,TEXAS-TECH,ARIZONA,14,28,-125,105,-1.5,74
919,HOUSTON,TULANE,31,38,170,-200,4.5,58.5
920,UTAH,SOUTHERN-CALIFORNIA,23,30,-180,150,-3.5,53.5
920,FLORIDA-INTERNATIONAL,LOUISIANA-TECH,31,43,225,-275,7,51.5
920,AIR-FORCE,BOISE-STATE,19,30,225,-275,8,53.5
921,LOUISIANA-MONROE,IOWA-STATE,20,72,700,-1100,17.5,51.5
921,MIAMI-OH,OHIO-STATE,5,76,16500,-49500,38.5,57
921,CHARLOTTE,CLEMSON,10,52,27500,-82500,41.5,61
921,CONNECTICUT,INDIANA,3,38,1400,-4000,27,57
921,CENTRAL-FLORIDA,PITTSBURGH,34,35,-400,300,-10,61.5
921,LOUISIANA-LAFAYETTE,OHIO,45,25,130,-150,3,67.5
921,NEBRASKA,ILLINOIS,42,38,-500,375,-13,61.5
921,TEMPLE,BUFFALO,22,38,-550,400,-13.5,50.5
921,CENTRAL-MICHIGAN,MIAMI-FL,12,17,2625,-5500,30.5,48.5
921,OLD-DOMINION,VIRGINIA,17,28,1500,-5000,26.5,47
921,COASTAL-CAROLINA,MASSACHUSETTS,62,28,-800,550,-17,62
921,MICHIGAN-STATE,NORTHWESTERN,31,10,-300,240,-7.5,35
921,TROY,AKRON,35,7,-1500,850,-20,57.5
921,BOSTON-COLLEGE,RUTGERS,30,16,-300,240,-7.5,57
921,WESTERN-MICHIGAN,SYRACUSE,33,52,145,-170,3.5,66
921,BALL-STATE,NORTH-CAROLINA-STATE,23,34,800,-1400,19.5,60
921,MICHIGAN,WISCONSIN,14,35,142,-165,3.5,45
921,TOLEDO,COLORADO-STATE,41,35,-220,180,-5.5,66.5
921,NEW-MEXICO-STATE,NEW-MEXICO,52,55,150,-180,4,69
921,WASHINGTON,BRIGHAM-YOUNG,45,19,-265,215,-6.5,51
921,COLORADO,ARIZONA-STATE,34,31,260,-330,8,48.5
921,CALIFORNIA,MISSISSIPPI,28,20,130,-150,3,42.5
921,TENNESSEE,FLORIDA,3,34,375,-500,13,49.5
921,GEORGIA-STATE,TEXAS-STATE,34,37,135,-155,3,62
921,SOUTHERN-MISSISSIPPI,ALABAMA,7,49,15000,-45000,37,64
921,KENTUCKY,MISSISSIPPI-STATE,13,28,195,-245,6,48
921,LOUISIANA-STATE,VANDERBILT,66,38,-3000,1200,-24,62
921,APPALACHIAN-STATE,NORTH-CAROLINA,34,31,110,-130,2,58
921,AUBURN,TEXAS-AM,28,20,160,-190,4,48
921,WYOMING,TULSA,21,24,180,-220,5.5,46
921,SOUTH-CAROLINA,MISSOURI,14,34,280,-360,9.5,60
921,WEST-VIRGINIA,KANSAS,29,24,-210,175,-4.5,48.5
921,OKLAHOMA-STATE,TEXAS,30,36,250,-310,7.5,72.5
921,BOWLING-GREEN-STATE,KENT-STATE,20,62,320,-420,11.5,62
921,SOUTHERN-METHODIST,TEXAS-CHRISTIAN,41,38,255,-320,8,54.5
921,SAN-JOSE-STATE,ARKANSAS,31,24,800,-1400,19.5,61.5
921,SOUTH-ALABAMA,ALABAMA-BIRMINGHAM,3,35,330,-430,12,48.5
921,OREGON,STANFORD,21,6,-500,375,-13,55.5
921,BAYLOR,RICE,21,13,-4000,1400,-27,58
921,TEXAS-SAN-ANTONIO,NORTH-TEXAS,3,45,600,-900,17,56
921,NOTRE-DAME,GEORGIA,17,23,550,-800,16,58.5
921,LOUISVILLE,FLORIDA-STATE,24,35,210,-260,6.5,61
921,NEVADA,TEXAS-EL-PASO,37,21,-600,425,-14,51
921,UCLA,WASHINGTON-STATE,67,63,650,-1000,18,59.5
921,UTAH-STATE,SAN-DIEGO-STATE,23,17,-190,160,-4,53
926,NAVY,MEMPHIS,23,35,325,-425,10.5,54.5
927,DUKE,VIRGINIA-TECH,45,10,120,-140,2.5,51
927,PENN-STATE,MARYLAND,59,0,-245,195,-6.5,60
927,SAN-JOSE-STATE,AIR-FORCE,24,41,800,-1400,20,58
927,ARIZONA-STATE,CALIFORNIA,24,17,180,-220,4,43.5
928,NORTHWESTERN,WISCONSIN,15,24,1100,-2500,23.5,46
928,WAKE-FOREST,BOSTON-COLLEGE,27,24,-210,175,-5,69.5
928,CONNECTICUT,CENTRAL-FLORIDA,21,56,35000,-105000,42,65
928,CENTRAL-MICHIGAN,WESTERN-MICHIGAN,15,31,500,-700,16,60.5
928,SOUTHERN-METHODIST,SOUTH-FLORIDA,48,21,-300,240,-7.5,62
928,BUFFALO,MIAMI-OH,20,34,-135,115,-2.5,47.5
928,GEORGIA-TECH,TEMPLE,2,24,270,-340,8.5,48
928,NORTH-CAROLINA-STATE,FLORIDA-STATE,13,31,220,-270,7,62.5
928,IOWA-STATE,BAYLOR,21,23,-135,115,-2.5,55.5
928,BRIGHAM-YOUNG,TOLEDO,21,28,-135,115,-2.5,63
928,AKRON,MASSACHUSETTS,29,37,-330,260,-8.5,60.5
928,RUTGERS,MICHIGAN,0,52,1500,-5000,27.5,48.5
928,MINNESOTA,PURDUE,38,31,100,-120,1,56
928,LOUISIANA-LAFAYETTE,GEORGIA-SOUTHERN,37,24,-155,135,-3,56
928,MIDDLE-TENNESSEE-STATE,IOWA,3,48,1200,-3000,24,51
928,NEVADA-LAS-VEGAS,WYOMING,17,53,280,-360,8,45
928,WASHINGTON-STATE,UTAH,13,38,180,-220,5.5,57
928,FRESNO-STATE,NEW-MEXICO-STATE,30,17,-2000,1000,-21,62.5
928,HAWAII,NEVADA,54,3,110,-130,2.5,63.5
928,STANFORD,OREGON-STATE,31,28,-165,142,-3.5,56
928,INDIANA,MICHIGAN-STATE,31,40,500,-700,14,43.5
928,CLEMSON,NORTH-CAROLINA,21,20,-5000,1500,-27.5,60.5
928,KENTUCKY,SOUTH-CAROLINA,7,24,145,-170,3.5,55
928,MISSISSIPPI,ALABAMA,31,59,10000,-30000,38,63
928,NORTHERN-ILLINOIS,VANDERBILT,18,24,250,-310,7.5,51.5
928,KANSAS,TEXAS-CHRISTIAN,14,51,500,-700,14.5,48
928,KANSAS-STATE,OKLAHOMA-STATE,13,26,160,-190,4,60
928,MISSISSIPPI-STATE,AUBURN,23,56,260,-330,7.5,46.5
928,TEXAS-TECH,OKLAHOMA,16,55,1400,-4000,27.5,68.5
928,FLORIDA-ATLANTIC,CHARLOTTE,45,27,-120,100,-1.5,64.5
928,VIRGINIA,NOTRE-DAME,20,35,325,-425,10.5,46.5
928,COASTAL-CAROLINA,APPALACHIAN-STATE,37,56,500,-700,15,58.5
928,CINCINNATI,MARSHALL,52,14,-190,160,-4,47.5
928,EAST-CAROLINA,OLD-DOMINION,24,21,130,-150,3,47
928,NEW-MEXICO,LIBERTY,10,17,230,-280,7.5,72
928,ARKANSAS-STATE,TROY,50,43,235,-290,7,59
928,SOUTH-ALABAMA,LOUISIANA-MONROE,17,30,400,-550,14.5,59
928,TEXAS-EL-PASO,SOUTHERN-MISSISSIPPI,13,31,1500,-5000,26.5,48.5
928,LOUISIANA-TECH,RICE,23,20,-320,255,-8.5,49
928,ALABAMA-BIRMINGHAM,WESTERN-KENTUCKY,13,20,-160,140,-3,48
928,COLORADO-STATE,UTAH-STATE,24,34,1000,-2000,23,69
928,OHIO-STATE,NEBRASKA,48,7,-900,600,-17,66
928,HOUSTON,NORTH-TEXAS,46,25,260,-330,8.5,59
928,ARKANSAS,TEXAS-AM,27,31,1100,-2500,23,60.5
928,SOUTHERN-CALIFORNIA,WASHINGTON,14,28,350,-450,11.5,60.5
928,UCLA,ARIZONA,17,20,135,-155,3,68.5
1003,GEORGIA-SOUTHERN,SOUTH-ALABAMA,20,17,-390,295,-9.5,45
1003,TEMPLE,EAST-CAROLINA,27,17,-470,360,-12,46.5
1004,NEW-MEXICO,SAN-JOSE-STATE,21,32,210,-260,7,70
1005,SOUTH-FLORIDA,CONNECTICUT,48,22,-425,325,-11,48
1005,BOSTON-COLLEGE,LOUISVILLE,39,41,160,-190,4,61
1005,NORTH-CAROLINA,GEORGIA-TECH,38,22,-400,300,-10,47.5
1005,TEXAS,WEST-VIRGINIA,42,31,-400,300,-10.5,62
1005,PURDUE,PENN-STATE,7,35,1500,-5000,29,55.5
1005,TULANE,ARMY,42,33,-125,105,-1.5,43
1005,BAYLOR,KANSAS-STATE,31,12,-110,-110,0,48.5
1005,MARYLAND,RUTGERS,48,7,-650,450,-14.5,55.5
1005,OKLAHOMA-STATE,TEXAS-TECH,35,45,-380,290,-9.5,63
1005,KENT-STATE,WISCONSIN,0,48,8000,-21500,35,58
1005,EASTERN-MICHIGAN,CENTRAL-MICHIGAN,16,42,-190,160,-4,53.5
1005,VIRGINIA-TECH,MIAMI-FL,42,35,400,-550,14,47
1005,TROY,MISSOURI,10,42,1500,-5000,25.5,64.5
1005,LIBERTY,NEW-MEXICO-STATE,20,13,-185,155,-4,63
1005,ARIZONA,COLORADO,35,30,110,-130,2,63.5
1005,SAN-DIEGO-STATE,COLORADO-STATE,24,10,-260,210,-6.5,48
1005,OREGON-STATE,UCLA,48,31,170,-200,4.5,64.5
1005,CALIFORNIA,OREGON,7,17,1100,-2500,21,46.5
1005,WASHINGTON,STANFORD,13,23,-550,400,-13,52
1005,TULSA,SOUTHERN-METHODIST,37,43,375,-500,12,64
1005,IOWA,MICHIGAN,3,10,160,-190,4,48.5
1005,RICE,ALABAMA-BIRMINGHAM,20,35,300,-400,10,43.5
1005,NORTHWESTERN,NEBRASKA,10,13,250,-310,7.5,48.5
1005,AIR-FORCE,NAVY,25,34,-155,135,-3,46.5
1005,WESTERN-MICHIGAN,TOLEDO,24,31,100,-120,1.5,73.5
1005,OKLAHOMA,KANSAS,45,20,-11100,4550,-33,67
1005,TEXAS-CHRISTIAN,IOWA-STATE,24,49,140,-160,3,46
1005,VANDERBILT,MISSISSIPPI,6,31,225,-275,7,64.5
1005,BOWLING-GREEN-STATE,NOTRE-DAME,0,52,55000,-175000,46,63.5
1005,ARKANSAS-STATE,GEORGIA-STATE,38,52,-250,200,-6.5,69.5
1005,WESTERN-KENTUCKY,OLD-DOMINION,20,3,-140,120,-2.5,43
1005,AUBURN,FLORIDA,13,24,-140,120,-2.5,48.5
1005,MEMPHIS,LOUISIANA-MONROE,52,33,-650,450,-15,63.5
1005,MICHIGAN-STATE,OHIO-STATE,10,34,850,-1500,20,51
1005,UTAH-STATE,LOUISIANA-STATE,6,42,1300,-3500,27,73.5
1005,BOISE-STATE,NEVADA-LAS-VEGAS,38,13,-3000,1200,-24,57.5
1009,APPALACHIAN-STATE,LOUISIANA-LAFAYETTE,17,7,115,-135,2.5,70
1010,LOUISIANA-MONROE,TEXAS-STATE,24,14,-180,150,-3.5,60.5
1010,SYRACUSE,NORTH-CAROLINA-STATE,10,16,155,-185,4,55.5
1011,VIRGINIA,MIAMI-FL,9,17,125,-145,2.5,43.5
1011,COLORADO-STATE,NEW-MEXICO,35,21,-210,175,-4.5,65
1011,COLORADO,OREGON,3,45,1050,-1600,23,62.5
1012,RUTGERS,INDIANA,0,35,1600,-6000,28,50
1012,TOLEDO,BOWLING-GREEN-STATE,7,20,-4000,1400,-27.5,65.5
1012,MICHIGAN,ILLINOIS,42,25,-3000,1200,-24,49
1012,LOUISVILLE,WAKE-FOREST,62,59,210,-260,7,64.5
1012,NAVY,TULSA,45,17,-105,-115,1,53
1012,OKLAHOMA,TEXAS,34,27,-420,320,-11,77.5
1012,MEMPHIS,TEMPLE,28,30,-170,145,-3.5,51.5
1012,NEBRASKA,MINNESOTA,7,34,240,-300,7.5,47.5
1012,GEORGIA-TECH,DUKE,23,41,700,-1100,18,48
1012,GEORGIA-STATE,COASTAL-CAROLINA,31,21,160,-190,4,63.5
1012,MARYLAND,PURDUE,14,40,-190,160,-4,53.5
1012,IOWA-STATE,WEST-VIRGINIA,38,14,-400,300,-10,54.5
1012,HAWAII,BOISE-STATE,37,59,350,-450,12,60
1012,BALL-STATE,EASTERN-MICHIGAN,29,23,105,-125,1.5,57
1012,OLD-DOMINION,MARSHALL,17,31,550,-800,15.5,46.5
1012,NEW-MEXICO-STATE,CENTRAL-MICHIGAN,28,42,340,-440,11.5,57
1012,WASHINGTON-STATE,ARIZONA-STATE,34,38,-125,105,-1.5,61
1012,UTAH,OREGON-STATE,52,7,-700,500,-14.5,60
1012,WASHINGTON,ARIZONA,51,27,-230,185,-6,62.5
1012,MISSISSIPPI,MISSOURI,27,38,375,-500,12.5,56.5
1012,SOUTH-CAROLINA,GEORGIA,20,17,1000,-2000,21,52
1012,MISSISSIPPI-STATE,TENNESSEE,10,20,-220,180,-5,53
1012,KENT-STATE,AKRON,26,3,-650,450,-14,57.5
1012,NORTHERN-ILLINOIS,OHIO,39,36,180,-220,5.5,51.5
1012,ARKANSAS,KENTUCKY,20,24,145,-170,3.5,52
1012,TEXAS-TECH,BAYLOR,30,33,300,-400,10.5,59
1012,MIAMI-OH,WESTERN-MICHIGAN,16,38,350,-450,12,57
1012,BRIGHAM-YOUNG,SOUTH-FLORIDA,23,27,-190,160,-4,49
1012,CINCINNATI,HOUSTON,38,23,-350,275,-9.5,51
1012,CONNECTICUT,TULANE,7,49,2757,-10311,34,58
1012,NEVADA-LAS-VEGAS,VANDERBILT,34,10,525,-750,15.5,57.5
1012,MICHIGAN-STATE,WISCONSIN,0,38,295,-390,8.5,40.5
1012,FLORIDA,LOUISIANA-STATE,28,42,450,-650,14,55
1012,SAN-JOSE-STATE,NEVADA,38,41,130,-150,3,60.5
1012,ALABAMA,TEXAS-AM,47,28,-900,600,-17,61.5
1012,MIDDLE-TENNESSEE-STATE,FLORIDA-ATLANTIC,13,28,320,-420,12,62.5
1012,ALABAMA-BIRMINGHAM,TEXAS-SAN-ANTONIO,33,14,-500,375,-12.5,47
1012,NORTH-TEXAS,SOUTHERN-MISSISSIPPI,27,45,130,-150,3,59.5
1012,ARMY,WESTERN-KENTUCKY,8,17,-220,180,-5,44
1012,CHARLOTTE,FLORIDA-INTERNATIONAL,23,48,180,-220,5.5,58.5
1012,MASSACHUSETTS,LOUISIANA-TECH,21,69,1858,-5106,31.5,64
1012,FRESNO-STATE,AIR-FORCE,24,43,130,-150,3,50
1012,SOUTHERN-CALIFORNIA,NOTRE-DAME,27,30,325,-425,10.5,58.5
1012,FLORIDA-STATE,CLEMSON,14,45,1400,-4000,26,61
1012,PENN-STATE,IOWA,17,12,-180,150,-3.5,43.5
1012,WYOMING,SAN-DIEGO-STATE,22,26,150,-180,3.5,37.5
1016,SOUTH-ALABAMA,TROY,13,37,700,-1100,17.5,55
1017,LOUISIANA-LAFAYETTE,ARKANSAS-STATE,37,20,-220,180,-6,69
1017,UCLA,STANFORD,34,16,170,-200,4.5,48.5
1018,MARSHALL,FLORIDA-ATLANTIC,36,31,150,-180,4,58
1018,PITTSBURGH,SYRACUSE,27,20,-200,170,-4,54
1018,OHIO-STATE,NORTHWESTERN,52,3,-4000,1400,-27,50
1018,NEVADA-LAS-VEGAS,FRESNO-STATE,27,56,500,-700,15.5,52
1019,DUKE,VIRGINIA,14,48,140,-160,3.5,45
1019,GEORGIA-TECH,MIAMI-FL,28,21,850,-1500,18.5,46
1019,CLEMSON,LOUISVILLE,45,10,-3000,1200,-25,63
1019,ARMY,GEORGIA-STATE,21,28,-180,150,-3.5,54
1019,BUFFALO,AKRON,21,0,-1200,750,-18,47.5
1019,INDIANA,MARYLAND,34,28,-275,225,-7,60.5
1019,HOUSTON,CONNECTICUT,24,17,-2000,1000,-22,57
1019,FLORIDA-STATE,WAKE-FOREST,20,22,-150,130,-3,68.5
1019,COASTAL-CAROLINA,GEORGIA-SOUTHERN,27,30,220,-270,7,42.5
1019,CENTRAL-MICHIGAN,BOWLING-GREEN-STATE,38,20,-450,350,-11.5,54.5
1019,EAST-CAROLINA,CENTRAL-FLORIDA,28,41,5500,-13500,34.5,64.5
1019,TULSA,CINCINNATI,13,24,600,-900,16,47
1019,NORTH-CAROLINA-STATE,BOSTON-COLLEGE,24,45,-180,150,-4,55
1019,PURDUE,IOWA,20,26,700,-1100,17.5,47.5
1019,KENT-STATE,OHIO,38,45,260,-330,8,63.5
1019,WESTERN-MICHIGAN,EASTERN-MICHIGAN,27,34,-350,275,-9.5,61
1019,KANSAS,TEXAS,48,50,800,-1400,21,63
1019,WISCONSIN,ILLINOIS,23,24,-12500,5000,-30.5,52
1019,NEVADA,UTAH-STATE,10,36,950,-1800,22,58.5
1019,BOISE-STATE,BRIGHAM-YOUNG,25,28,-280,230,-7,44.5
1019,NEW-MEXICO,WYOMING,10,23,700,-1100,17,51
1019,ARIZONA-STATE,UTAH,3,21,550,-800,15.5,46.5
1019,TOLEDO,BALL-STATE,14,52,130,-150,3,58.5
1019,NORTHERN-ILLINOIS,MIAMI-OH,24,27,-135,115,-2,48.5
1019,OREGON-STATE,CALIFORNIA,21,17,320,-420,10.5,52
1019,OREGON,WASHINGTON,35,31,-150,130,-3,48.5
1019,ARIZONA,SOUTHERN-CALIFORNIA,14,41,350,-450,11,69
1019,COLORADO,WASHINGTON-STATE,10,41,425,-600,13.5,68.5
1019,FLORIDA,SOUTH-CAROLINA,38,27,-175,148,-3.5,45
1019,KENTUCKY,GEORGIA,0,21,1400,-4000,24.5,45.5
1019,TEXAS-CHRISTIAN,KANSAS-STATE,17,24,-185,155,-4,44
1019,LOUISIANA-STATE,MISSISSIPPI-STATE,36,13,-1200,750,-19,62.5
1019,TENNESSEE,ALABAMA,13,35,6500,-16500,34.5,62
1019,SOUTHERN-MISSISSIPPI,LOUISIANA-TECH,30,45,-145,125,-3,58.5
1019,OLD-DOMINION,ALABAMA-BIRMINGHAM,14,38,625,-950,16.5,42
1019,WEST-VIRGINIA,OKLAHOMA,14,52,5250,-13000,32.5,63.5
1019,BAYLOR,OKLAHOMA-STATE,45,27,190,-240,6,68.5
1019,AUBURN,ARKANSAS,51,10,-1400,800,-19.5,55.5
1019,TEXAS-AM,MISSISSIPPI,24,17,-220,180,-6,56
1019,TULANE,MEMPHIS,17,47,110,-130,2,61
1019,NORTH-CAROLINA,VIRGINIA-TECH,41,43,-200,170,-4.5,57
1019,MINNESOTA,RUTGERS,42,7,-6000,1600,-28.5,45.5
1019,IOWA-STATE,TEXAS-TECH,34,24,-340,270,-9,57
1019,SOUTH-FLORIDA,NAVY,3,35,525,-750,16,52
1019,LOUISIANA-MONROE,APPALACHIAN-STATE,7,52,500,-700,15.5,66
1019,MISSOURI,VANDERBILT,14,21,-2000,1000,-21,56.5
1019,SAN-DIEGO-STATE,SAN-JOSE-STATE,27,17,-310,250,-7.5,45.5
1019,CHARLOTTE,WESTERN-KENTUCKY,14,30,280,-360,9,48
1019,MIDDLE-TENNESSEE-STATE,NORTH-TEXAS,30,33,240,-300,7.5,59.5
1019,RICE,TEXAS-SAN-ANTONIO,27,31,-240,190,-6,43
1019,TEMPLE,SOUTHERN-METHODIST,21,45,275,-350,9,60
1019,TEXAS-EL-PASO,FLORIDA-INTERNATIONAL,17,32,1200,-3000,24.5,51.5
1019,MICHIGAN,PENN-STATE,21,28,260,-330,8,47.5
1019,AIR-FORCE,HAWAII,56,26,-180,150,-4,66
1024,SOUTHERN-METHODIST,HOUSTON,34,31,-430,330,-12.5,65.5
1025,SOUTHERN-CALIFORNIA,COLORADO,35,31,-425,325,-10.5,63.5
1026,CONNECTICUT,MASSACHUSETTS,56,35,-350,275,-9.5,62
1026,ILLINOIS,PURDUE,24,6,280,-360,9,53.5
1026,SAN-JOSE-STATE,ARMY,34,29,300,-400,9.5,54.5
1026,TROY,GEORGIA-STATE,33,52,100,-120,1,66.5
1026,BOSTON-COLLEGE,CLEMSON,7,59,6500,-16500,35,58
1026,MEMPHIS,TULSA,42,41,-360,280,-9.5,59
1026,EASTERN-MICHIGAN,TOLEDO,34,37,115,-135,2,53
1026,MISSISSIPPI-STATE,TEXAS-AM,30,49,350,-450,11,50
1026,CENTRAL-FLORIDA,TEMPLE,63,21,-425,325,-11,62.5
1026,BOWLING-GREEN-STATE,WESTERN-MICHIGAN,10,49,1500,-5000,27,65
1026,INDIANA,NEBRASKA,38,31,120,-140,2.5,55
1026,CENTRAL-MICHIGAN,BUFFALO,20,43,110,-130,2,45.5
1026,IOWA,NORTHWESTERN,20,0,-350,275,-8.5,35.5
1026,SOUTH-FLORIDA,EAST-CAROLINA,45,20,-115,-105,-1,50.5
1026,SYRACUSE,FLORIDA-STATE,17,35,350,-450,11.5,59.5
1026,LIBERTY,RUTGERS,34,44,-310,250,-7.5,44.5
1026,SOUTHERN-MISSISSIPPI,RICE,20,6,-400,300,-10,51
1026,CALIFORNIA,UTAH,0,35,1100,-2500,21,36.5
1026,NEVADA,WYOMING,3,31,450,-650,13.5,44
1026,UTAH-STATE,AIR-FORCE,7,31,150,-180,3.5,60
1026,HAWAII,NEW-MEXICO,45,31,-380,290,-10,71
1026,WESTERN-KENTUCKY,MARSHALL,23,26,145,-170,3.5,44.5
1026,ARIZONA,STANFORD,31,41,140,-160,3,54
1026,WASHINGTON-STATE,OREGON,35,37,450,-650,14.5,67.5
1026,COLORADO-STATE,FRESNO-STATE,41,31,425,-600,14,56.5
1026,MISSOURI,KENTUCKY,7,29,-380,290,-9.5,44
1026,DUKE,NORTH-CAROLINA,17,20,130,-150,3,53
1026,PENN-STATE,MICHIGAN-STATE,28,7,-240,190,-6,41
1026,MIAMI-OH,KENT-STATE,23,16,125,-145,2.5,54
1026,APPALACHIAN-STATE,SOUTH-ALABAMA,30,3,-4000,1400,-27.5,50
1026,NEW-MEXICO-STATE,GEORGIA-SOUTHERN,7,41,425,-600,13.5,53.5
1026,OKLAHOMA-STATE,IOWA-STATE,34,27,350,-450,11,65.5
1026,FLORIDA-INTERNATIONAL,MIDDLE-TENNESSEE-STATE,17,50,-120,100,-1,57
1026,FLORIDA-ATLANTIC,OLD-DOMINION,41,3,-500,375,-13.5,51
1026,OHIO,BALL-STATE,34,21,120,-140,2.5,59
1026,ARKANSAS,ALABAMA,7,48,5000,-12500,31.5,55.5
1026,SOUTH-CAROLINA,TENNESSEE,21,41,-200,170,-4.5,46.5
1026,OKLAHOMA,KANSAS-STATE,41,48,-2500,1100,-23.5,60
1026,MARYLAND,MINNESOTA,10,52,500,-700,14,60
1026,TULANE,NAVY,38,41,170,-200,4.5,58.5
1026,TEXAS,TEXAS-CHRISTIAN,27,37,100,-120,1,57
1026,MIAMI-FL,PITTSBURGH,16,12,175,-210,4.5,42.5
1026,VIRGINIA,LOUISVILLE,21,28,-170,145,-3.5,51.5
1026,AKRON,NORTHERN-ILLINOIS,0,49,1100,-2500,22,42
1026,TEXAS-TECH,KANSAS,34,37,-250,200,-6,65
1026,NORTH-TEXAS,CHARLOTTE,38,39,-180,150,-4,63.5
1026,WISCONSIN,OHIO-STATE,7,38,500,-700,14.5,47
1026,TEXAS-STATE,ARKANSAS-STATE,14,38,330,-430,11,60.5
1026,AUBURN,LOUISIANA-STATE,20,23,350,-450,11.5,58.5
1026,LOUISIANA-TECH,TEXAS-EL-PASO,42,21,-1200,750,-19,50.5
1026,NOTRE-DAME,MICHIGAN,14,45,100,-120,1,46.5
1026,ARIZONA-STATE,UCLA,32,42,-145,125,-3,56
1026,SAN-DIEGO-STATE,NEVADA-LAS-VEGAS,20,17,-500,375,-11.5,45
1031,GEORGIA-SOUTHERN,APPALACHIAN-STATE,24,21,425,-600,13.5,42
1031,WEST-VIRGINIA,BAYLOR,14,17,525,-750,17.5,56
1101,NAVY,CONNECTICUT,56,10,-4000,1400,-26,54
1102,NORTH-CAROLINA-STATE,WAKE-FOREST,10,44,250,-310,8,61.5
1102,LIBERTY,MASSACHUSETTS,63,21,-2500,1100,-24,72.5
1102,OLD-DOMINION,FLORIDA-INTERNATIONAL,17,24,650,-1000,17.5,47.5
1102,TROY,COASTAL-CAROLINA,35,36,-120,100,-1,60
1102,PITTSBURGH,GEORGIA-TECH,20,10,-350,275,-9,44
1102,NEBRASKA,PURDUE,27,31,-200,170,-4,57.5
1102,HOUSTON,CENTRAL-FLORIDA,29,44,1000,-2000,23,74
1102,MICHIGAN,MARYLAND,38,7,-2000,1000,-21.5,59
1102,NORTHWESTERN,INDIANA,3,34,270,-340,8.5,44
1102,AKRON,BOWLING-GREEN-STATE,6,35,150,-180,4,49.5
1102,RUTGERS,ILLINOIS,10,38,900,-1600,18.5,48.5
1102,CINCINNATI,EAST-CAROLINA,46,43,-3000,1200,-24,48.5
1102,BOSTON-COLLEGE,SYRACUSE,58,27,140,-160,3,59
1102,BUFFALO,EASTERN-MICHIGAN,43,14,-120,100,-1,49.5
1102,VIRGINIA,NORTH-CAROLINA,38,31,-110,-110,0,48
1102,BRIGHAM-YOUNG,UTAH-STATE,42,14,140,-160,3,51.5
1102,VIRGINIA-TECH,NOTRE-DAME,20,21,700,-1100,17.5,59
1102,OREGON,SOUTHERN-CALIFORNIA,56,24,-165,142,-3.5,60.5
1102,COLORADO,UCLA,14,31,190,-240,6.5,64.5
1102,KANSAS-STATE,KANSAS,38,10,-200,170,-5,54.5
1102,TEXAS-STATE,LOUISIANA-LAFAYETTE,3,31,1100,-2500,23,55
1102,VANDERBILT,SOUTH-CAROLINA,7,24,500,-700,15.5,51.5
1102,NORTHERN-ILLINOIS,CENTRAL-MICHIGAN,10,48,-120,100,-1.5,48.5
1102,MARSHALL,RICE,20,7,-450,350,-11.5,48
1102,NEVADA-LAS-VEGAS,COLORADO-STATE,17,37,250,-310,8,64
1102,SOUTHERN-METHODIST,MEMPHIS,48,54,180,-220,6,71.5
1102,TEXAS-SAN-ANTONIO,TEXAS-AM,14,45,15000,-45000,38.5,55.5
1102,ARMY,AIR-FORCE,13,17,600,-900,17,46
1102,OREGON-STATE,ARIZONA,56,38,170,-200,4.5,71.5
1102,ALABAMA-BIRMINGHAM,TENNESSEE,7,30,375,-500,13,49.5
1102,MISSISSIPPI,AUBURN,14,20,650,-1000,17.5,53.5
1102,GEORGIA,FLORIDA,24,17,-250,200,-6,47
1102,TEXAS-CHRISTIAN,OKLAHOMA-STATE,27,34,105,-125,1.5,58.5
1102,TEXAS-EL-PASO,NORTH-TEXAS,26,52,1200,-3000,22.5,59
1102,TULSA,TULANE,26,38,300,-400,10,59.5
1102,MISSISSIPPI-STATE,ARKANSAS,54,24,-280,230,-7,59
1102,MIDDLE-TENNESSEE-STATE,CHARLOTTE,20,34,-200,170,-4.5,64.5
1102,FLORIDA-ATLANTIC,WESTERN-KENTUCKY,35,24,-120,100,-1,51
1102,ARKANSAS-STATE,LOUISIANA-MONROE,48,41,-120,100,-1,68.5
1102,MIAMI-FL,FLORIDA-STATE,27,10,130,-150,3,49.5
1102,NEW-MEXICO,NEVADA,10,21,155,-185,4,58
1102,UTAH,WASHINGTON,33,28,-155,135,-3,48
1102,BOISE-STATE,SAN-JOSE-STATE,52,42,-900,600,-16.5,60.5
1102,FRESNO-STATE,HAWAII,41,38,105,-125,2,66.5
1105,KENT-STATE,TOLEDO,33,35,145,-170,4,63.5
1105,BALL-STATE,WESTERN-MICHIGAN,31,35,200,-250,6.5,65
1106,MIAMI-OH,OHIO,24,21,225,-275,7,57
1107,LOUISIANA-LAFAYETTE,COASTAL-CAROLINA,48,7,-600,425,-13.5,58
1107,TEMPLE,SOUTH-FLORIDA,17,7,-110,-110,0,50
1108,CENTRAL-FLORIDA,TULSA,31,34,-800,550,-16.5,68
1108,WASHINGTON,OREGON-STATE,19,7,-430,330,-11,64
1109,CLEMSON,NORTH-CAROLINA-STATE,55,10,-13500,5500,-35,54
1109,FLORIDA-STATE,BOSTON-COLLEGE,38,31,105,-125,1.5,63.5
1109,GEORGIA-TECH,VIRGINIA,28,33,525,-750,15.5,45.5
1109,TEXAS-TECH,WEST-VIRGINIA,38,17,-140,120,-2.5,56
1109,LOUISVILLE,MIAMI-FL,27,52,220,-270,6.5,49
1109,NOTRE-DAME,DUKE,38,7,-280,230,-7,49.5
1109,MARYLAND,OHIO-STATE,14,73,35000,-105000,42.5,65
1109,MASSACHUSETTS,ARMY,7,63,6750,-17500,34.5,60.5
1109,CONNECTICUT,CINCINNATI,3,48,7500,-20000,34,53
1109,ILLINOIS,MICHIGAN-STATE,37,34,550,-800,16,47
1109,WAKE-FOREST,VIRGINIA-TECH,17,36,-140,120,-2.5,61
1109,APPALACHIAN-STATE,SOUTH-CAROLINA,20,15,210,-260,7,52
1109,PENN-STATE,MINNESOTA,26,31,-260,210,-6.5,48
1109,VANDERBILT,FLORIDA,0,56,1600,-6000,27,49
1109,PURDUE,NORTHWESTERN,24,22,-105,-115,1,38.5
1109,STANFORD,COLORADO,13,16,-190,160,-4,56.5
1109,TEXAS-SAN-ANTONIO,OLD-DOMINION,24,23,145,-170,3.5,42.5
1109,SOUTHERN-CALIFORNIA,ARIZONA-STATE,31,26,-190,160,-4,54.5
1109,WYOMING,BOISE-STATE,17,20,600,-900,16.5,48
1109,LIBERTY,BRIGHAM-YOUNG,24,31,575,-850,17,62
1109,CHARLOTTE,TEXAS-EL-PASO,28,21,-450,350,-12.5,55.5
1109,BAYLOR,TEXAS-CHRISTIAN,29,23,-125,105,-2,48
1109,EAST-CAROLINA,SOUTHERN-METHODIST,51,59,1000,-2000,23,74.5
1109,SOUTH-ALABAMA,TEXAS-STATE,28,30,215,-265,6.5,42.5
1109,LOUISIANA-STATE,ALABAMA,46,41,170,-200,5.5,65.5
1109,NEW-MEXICO-STATE,MISSISSIPPI,3,41,1600,-6000,29,65
1109,WESTERN-KENTUCKY,ARKANSAS,45,19,-105,-115,1,51
1109,IOWA-STATE,OKLAHOMA,41,42,425,-600,14,70.5
1109,ALABAMA-BIRMINGHAM,SOUTHERN-MISSISSIPPI,2,37,260,-330,7.5,48.5
1109,GEORGIA-SOUTHERN,TROY,28,49,-130,110,-2,56
1109,TENNESSEE,KENTUCKY,17,13,105,-125,1.5,42
1109,MISSOURI,GEORGIA,0,27,800,-1400,19,48
1109,KANSAS-STATE,TEXAS,24,27,230,-280,7,57.5
1109,NORTH-TEXAS,LOUISIANA-TECH,17,52,175,-210,5.5,72
1109,GEORGIA-STATE,LOUISIANA-MONROE,31,45,-150,130,-3,76
1109,FLORIDA-INTERNATIONAL,FLORIDA-ATLANTIC,7,37,350,-450,11.5,59
1109,UTAH-STATE,FRESNO-STATE,37,35,180,-220,5.5,59
1109,IOWA,WISCONSIN,22,24,270,-340,8,37.5
1109,WASHINGTON-STATE,CALIFORNIA,20,33,-350,275,-9,52
1109,NEVADA,SAN-DIEGO-STATE,17,13,700,-1100,17,39.5
1109,SAN-JOSE-STATE,HAWAII,40,42,215,-265,7,78.5
1112,EASTERN-MICHIGAN,AKRON,42,14,-1000,650,-17,45
1112,WESTERN-MICHIGAN,OHIO,37,34,105,-125,1.5,63.5
1113,BOWLING-GREEN-STATE,MIAMI-OH,3,44,650,-1000,17,48
1113,NORTHERN-ILLINOIS,TOLEDO,31,28,110,-130,2,54.5
1114,BUFFALO,KENT-STATE,27,30,-250,200,-6,55
1114,NORTH-CAROLINA,PITTSBURGH,27,34,155,-185,4,49.5
1115,LOUISIANA-TECH,MARSHALL,10,31,205,-255,6.5,54
1115,FRESNO-STATE,SAN-DIEGO-STATE,7,17,110,-130,1.5,43.5
1116,WEST-VIRGINIA,KANSAS-STATE,24,20,450,-650,14,46
1116,VIRGINIA-TECH,GEORGIA-TECH,45,0,-250,200,-6.5,51.5
1116,TULANE,TEMPLE,21,29,-250,200,-6.5,53
1116,INDIANA,PENN-STATE,27,34,500,-700,15,55.5
1116,CINCINNATI,SOUTH-FLORIDA,20,17,-500,375,-13,46.5
1116,SYRACUSE,DUKE,49,6,270,-340,9,49
1116,OHIO-STATE,RUTGERS,56,21,-600000,175000,-52,63
1116,LOUISVILLE,NORTH-CAROLINA-STATE,34,20,-185,160,-4,51.5
1116,MINNESOTA,IOWA,19,23,140,-160,3.5,44.5
1116,WAKE-FOREST,CLEMSON,3,52,6500,-16500,34.5,59.5
1116,CENTRAL-MICHIGAN,BALL-STATE,45,44,105,-125,1,60
1116,LOUISIANA-MONROE,GEORGIA-SOUTHERN,29,51,200,-240,6,56.5
1116,MASSACHUSETTS,NORTHWESTERN,6,45,25000,-75000,39.5,57.5
1116,TROY,TEXAS-STATE,63,27,-275,225,-7,63.5
1116,NEW-MEXICO,BOISE-STATE,9,42,1300,-3500,26,58
1116,UCLA,UTAH,3,49,1100,-2500,21,52
1116,AIR-FORCE,COLORADO-STATE,38,21,-400,300,-10.5,61.5
1116,WYOMING,UTAH-STATE,21,26,170,-200,4.5,51
1116,APPALACHIAN-STATE,GEORGIA-STATE,56,27,-750,525,-16,61
1116,NAVY,NOTRE-DAME,20,52,250,-310,7,56
1116,ARIZONA-STATE,OREGON-STATE,34,35,-120,100,-1.5,56
1116,SOUTHERN-CALIFORNIA,CALIFORNIA,41,17,-190,160,-4,48
1116,ARIZONA,OREGON,6,34,1400,-4000,27.5,69.5
1116,COASTAL-CAROLINA,ARKANSAS-STATE,27,28,400,-550,13.5,59.5
1116,TEXAS-EL-PASO,ALABAMA-BIRMINGHAM,10,37,525,-750,15.5,43
1116,SOUTH-CAROLINA,TEXAS-AM,6,30,325,-425,10.5,47.5
1116,GEORGIA,AUBURN,21,14,-150,130,-3,43.5
1116,LOUISIANA-LAFAYETTE,SOUTH-ALABAMA,37,27,-6000,1600,-28,53.5
1116,KANSAS,OKLAHOMA-STATE,13,31,650,-1000,17.5,69
1116,TEXAS,IOWA-STATE,21,23,215,-265,7,64.5
1116,TEXAS-CHRISTIAN,TEXAS-TECH,33,31,-190,160,-4,53
1116,OKLAHOMA,BAYLOR,34,31,-400,300,-10.5,69.5
1116,MEMPHIS,HOUSTON,45,27,-360,280,-9.5,71
1116,KENTUCKY,VANDERBILT,38,14,-360,280,-9.5,43
1116,MICHIGAN-STATE,MICHIGAN,10,44,450,-650,13.5,43
1116,FLORIDA,MISSOURI,23,6,-260,210,-6.5,50.5
1116,HAWAII,NEVADA-LAS-VEGAS,21,7,-240,190,-6.5,72.5
1116,RICE,MIDDLE-TENNESSEE-STATE,31,28,425,-600,14,46.5
1116,SOUTHERN-MISSISSIPPI,TEXAS-SAN-ANTONIO,36,17,-900,600,-17,54.5
1116,ALABAMA,MISSISSIPPI-STATE,38,7,-1200,750,-19.5,61
1116,WISCONSIN,NEBRASKA,37,21,-700,500,-15,50
1116,LOUISIANA-STATE,MISSISSIPPI,58,37,-2500,1100,-21.5,66
1116,STANFORD,WASHINGTON-STATE,22,49,300,-400,10,65.5
1119,OHIO,BOWLING-GREEN-STATE,66,24,-1400,925,-21,55.5
1119,EASTERN-MICHIGAN,NORTHERN-ILLINOIS,45,17,150,-170,3.5,57.5
1120,TOLEDO,BUFFALO,30,49,300,-360,10,54
1120,AKRON,MIAMI-OH,17,20,3375,-8000,28.5,45
1121,NORTH-CAROLINA-STATE,GEORGIA-TECH,26,28,-140,120,-2.5,46.5
1122,COLORADO-STATE,WYOMING,7,17,170,-200,4.5,50.5
1123,NEBRASKA,MARYLAND,54,7,-240,190,-6,63.5
1123,BALL-STATE,KENT-STATE,38,41,-150,130,-3,67.5
1123,MEMPHIS,SOUTH-FLORIDA,49,10,-700,500,-15,59.5
1123,MICHIGAN,INDIANA,39,14,-400,300,-9.5,53.5
1123,KANSAS-STATE,TEXAS-TECH,30,27,-110,-110,0,57
1123,DUKE,WAKE-FOREST,27,39,190,-240,6.5,51
1123,OKLAHOMA-STATE,WEST-VIRGINIA,20,13,-255,205,-6.5,56
1123,EAST-CAROLINA,CONNECTICUT,31,24,-600,425,-15,63.5
1123,TEXAS-CHRISTIAN,OKLAHOMA,24,28,650,-1000,18,65
1123,TROY,LOUISIANA-LAFAYETTE,3,53,350,-450,12.5,74
1123,LIBERTY,VIRGINIA,27,55,525,-750,16,58
1123,ILLINOIS,IOWA,10,19,550,-800,15.5,48.5
1123,PURDUE,WISCONSIN,24,45,1400,-4000,25,49
1123,KANSAS,IOWA-STATE,31,41,1500,-5000,26,58.5
1123,OREGON,ARIZONA-STATE,28,31,-650,450,-13.5,54
1123,UTAH,ARIZONA,35,7,-3000,1200,-23.5,57.5
1123,SOUTH-ALABAMA,GEORGIA-STATE,15,28,270,-340,9,57
1123,WASHINGTON,COLORADO,14,20,-550,400,-14,53
1123,BOSTON-COLLEGE,NOTRE-DAME,7,40,950,-1800,20.5,65
1123,NEVADA,FRESNO-STATE,35,28,425,-600,13.5,51
1123,UCLA,SOUTHERN-CALIFORNIA,35,52,400,-550,13.5,66
1123,CALIFORNIA,STANFORD,24,20,100,-120,42,1
1123,OREGON-STATE,WASHINGTON-STATE,53,54,300,-400,10.5,76.5
1123,GEORGIA-SOUTHERN,ARKANSAS-STATE,33,38,105,-125,1.5,51.5
1123,WESTERN-KENTUCKY,SOUTHERN-MISSISSIPPI,28,10,150,-180,3.5,51
1123,MARSHALL,CHARLOTTE,13,24,-240,190,-6.5,56.5
1123,TEXAS,BAYLOR,10,24,155,-185,4,58.5
1123,CENTRAL-FLORIDA,TULANE,34,31,-255,205,-7,73.5
1123,SOUTHERN-METHODIST,NAVY,28,35,142,-165,3.5,69
1123,MICHIGAN-STATE,RUTGERS,27,0,-3000,1200,-21.5,43.5
1123,NORTH-TEXAS,RICE,14,20,-280,230,-7,55
1123,LOUISIANA-TECH,ALABAMA-BIRMINGHAM,14,20,190,-240,6,44
1123,SYRACUSE,LOUISVILLE,34,56,260,-330,7.5,64.5
1123,HOUSTON,TULSA,24,14,210,-260,6,57.5
1123,SAN-JOSE-STATE,NEVADA-LAS-VEGAS,35,38,-260,210,-7,65
1123,TEXAS-EL-PASO,NEW-MEXICO-STATE,35,44,220,-270,7,56
1123,COASTAL-CAROLINA,LOUISIANA-MONROE,42,45,180,-220,6,63.5
1123,PENN-STATE,OHIO-STATE,17,28,800,-1400,20.5,58
1123,BOISE-STATE,UTAH-STATE,56,21,-200,170,-5,54
1123,SAN-DIEGO-STATE,HAWAII,11,14,105,-125,46.5,1.5
1123,AIR-FORCE,NEW-MEXICO,44,22,-2150,1300,-24,57
1126,OHIO,AKRON,52,3,-6000,1600,-27.5,53
1126,WESTERN-MICHIGAN,NORTHERN-ILLINOIS,14,17,-400,300,-10,51.5
1128,MISSISSIPPI,MISSISSIPPI-STATE,20,21,-125,105,-1.5,59
1129,BOWLING-GREEN-STATE,BUFFALO,7,49,2500,-5000,28,53.5
1129,VIRGINIA-TECH,VIRGINIA,30,39,-125,105,-2,48.5
1129,TOLEDO,CENTRAL-MICHIGAN,7,49,400,-550,14,64
1129,SOUTH-FLORIDA,CENTRAL-FLORIDA,7,34,1100,-2500,23.5,61.5
1129,TEXAS-TECH,TEXAS,24,49,250,-310,8.5,65.5
1129,KENT-STATE,EASTERN-MICHIGAN,34,26,160,-190,4,68.5
1129,MIAMI-OH,BALL-STATE,27,41,135,-155,3,55.5
1129,IOWA,NEBRASKA,27,24,-185,155,-3.5,45.5
1129,MISSOURI,ARKANSAS,24,14,-700,500,-14.5,52.5
1129,CINCINNATI,MEMPHIS,24,34,425,-600,14,59.5
1129,ARKANSAS-STATE,SOUTH-ALABAMA,30,34,-400,300,-10.5,53
1129,WEST-VIRGINIA,TEXAS-CHRISTIAN,20,17,400,-550,13.5,43
1129,BOISE-STATE,COLORADO-STATE,31,24,-550,400,-13.5,57.5
1129,WASHINGTON-STATE,WASHINGTON,13,31,240,-300,7.5,65
1129,APPALACHIAN-STATE,TROY,48,13,-390,295,-10.5,64
1130,GEORGIA,GEORGIA-TECH,52,7,-5000,2500,-28.5,46
1130,CONNECTICUT,TEMPLE,17,49,2500,-5000,27,48
1130,TULSA,EAST-CAROLINA,49,24,-270,220,-7,64
1130,BOSTON-COLLEGE,PITTSBURGH,26,19,240,-300,8.5,51.5
1130,VANDERBILT,TENNESSEE,10,28,1100,-2500,24,48
1130,WAKE-FOREST,SYRACUSE,30,39,-250,200,-6.5,68
1130,TEXAS-STATE,COASTAL-CAROLINA,21,24,225,-275,7,51.5
1130,IOWA-STATE,KANSAS-STATE,17,27,-190,160,-4.5,45.5
1130,NORTH-CAROLINA,NORTH-CAROLINA-STATE,41,10,-450,350,-11,57.5
1130,FLORIDA-INTERNATIONAL,MARSHALL,27,30,260,-330,9.5,50
1130,NAVY,HOUSTON,56,41,-370,285,-9.5,55.5
1130,BAYLOR,KANSAS,61,6,-650,450,-14,48.5
1130,OHIO-STATE,MICHIGAN,56,27,-350,275,-9,53.5
1130,CLEMSON,SOUTH-CAROLINA,38,3,-5000,1500,-27.5,50.5
1130,WISCONSIN,MINNESOTA,38,17,-165,142,-3.5,44.5
1130,RUTGERS,PENN-STATE,6,27,18400,-55000,39,51
1130,NEW-MEXICO-STATE,LIBERTY,28,49,450,-600,14.5,68
1130,COLORADO,UTAH,15,45,2250,-4500,27.5,50
1130,CHARLOTTE,OLD-DOMINION,38,22,-400,300,-10,51
1130,MIDDLE-TENNESSEE-STATE,WESTERN-KENTUCKY,26,31,290,-380,10,46
1130,WYOMING,AIR-FORCE,6,20,400,-550,13,41.5
1130,FRESNO-STATE,SAN-JOSE-STATE,16,17,120,-140,2.5,59
1130,RICE,TEXAS-EL-PASO,30,16,-275,225,-7,43.5
1130,NEVADA-LAS-VEGAS,NEVADA,33,30,225,-275,7,51.5
1130,INDIANA,PURDUE,44,41,-275,225,-7,56.5
1130,TEXAS-AM,LOUISIANA-STATE,7,50,600,-900,17.5,63.5
1130,LOUISVILLE,KENTUCKY,13,45,150,-180,3.5,51.5
1130,ALABAMA,AUBURN,45,48,-185,155,-3.5,50.5
1130,LOUISIANA-MONROE,LOUISIANA-LAFAYETTE,30,31,700,-1100,20,71
1130,GEORGIA-STATE,GEORGIA-SOUTHERN,10,38,225,-275,7,56.5
1130,NORTHWESTERN,ILLINOIS,29,10,200,-250,6,39.5
1130,MARYLAND,MICHIGAN-STATE,16,19,900,-1600,21,47.5
1130,OKLAHOMA,OKLAHOMA-STATE,34,16,-600,425,-14,68.5
1130,TEXAS-SAN-ANTONIO,LOUISIANA-TECH,27,41,850,-1500,21,56.5
1130,SOUTHERN-MISSISSIPPI,FLORIDA-ATLANTIC,17,34,250,-310,8.5,58
1130,TULANE,SOUTHERN-METHODIST,20,37,135,-155,3,72
1130,CALIFORNIA,UCLA,28,18,100,-120,1,51
1130,NOTRE-DAME,STANFORD,45,24,-1000,650,-17.5,45.5
1130,ARIZONA,ARIZONA-STATE,14,24,375,-500,12.5,60.5
1130,ALABAMA-BIRMINGHAM,NORTH-TEXAS,26,21,-180,150,-3.5,49.5
1130,UTAH-STATE,NEW-MEXICO,38,25,-450,350,-11.5,63.5
1130,MIAMI-FL,DUKE,17,27,-310,250,-8.5,44
1130,FLORIDA-STATE,FLORIDA,17,40,550,-800,17,55
1130,BRIGHAM-YOUNG,SAN-DIEGO-STATE,3,13,-200,170,-5,39
1130,OREGON-STATE,OREGON,10,24,750,-1200,20.5,65
1130,ARMY,HAWAII,31,52,110,-130,2,54.5
1206,OREGON,UTAH,37,15,220,-270,6.5,45
1207,MIAMI-OH,CENTRAL-MICHIGAN,26,21,180,-220,5.5,56
1207,LOUISIANA-LAFAYETTE,APPALACHIAN-STATE,38,45,175,-210,5,57
1207,BAYLOR,OKLAHOMA,23,30,290,-380,9.5,66.5
1207,ALABAMA-BIRMINGHAM,FLORIDA-ATLANTIC,6,49,240,-300,8,49
1207,CINCINNATI,MEMPHIS,24,29,250,-310,9,59
1207,HAWAII,BOISE-STATE,10,31,400,-550,14,65.5
1207,GEORGIA,LOUISIANA-STATE,10,37,220,-270,7,57
1207,WISCONSIN,OHIO-STATE,21,34,550,-800,16.5,58
1207,VIRGINIA,CLEMSON,17,62,1700,-7000,29.5,57
1214,ARMY,NAVY,7,31,425,-600,12,42
